PassengerId,Survived,Pclass,Name,Sex,Age,SibSp,Parch,Ticket,Fare,Cabin,Embarked,CabinKnown,FamilySize,IsAlone,AgeGroup
1,0,3,"Braund, Mr. Owen Harris",male,22.0,1,0,A/5 21171,7.25,,S,0,2,0,Adult
2,1,1,"Cumings, Mrs. John Bradley (Florence Briggs Thayer)",female,38.0,1,0,PC 17599,71.2833,C85,C,1,2,0,Middle-aged
3,1,3,"Heikkinen, Miss. Laina",female,26.0,0,0,STON/O2. 3101282,7.925,,S,0,1,1,Adult
4,1,1,"Futrelle, Mrs. Jacques Heath (Lily May Peel)",female,35.0,1,0,113803,53.1,C123,S,1,2,0,Adult
5,0,3,"Allen, Mr. William Henry",male,35.0,0,0,373450,8.05,,S,0,1,1,Adult
6,0,3,"Moran, Mr. James",male,26.0,0,0,330877,8.4583,,Q,0,1,1,Adult
7,0,1,"McCarthy, Mr. Timothy J",male,54.0,0,0,17463,51.8625,E46,S,1,1,1,Middle-aged
8,0,3,"Palsson, Master. Gosta Leonard",male,2.0,3,1,349909,21.075,,S,0,5,0,Child
9,1,3,"Johnson, Mrs. Oscar W (Elisabeth Vilhelmina Berg)",female,27.0,0,2,347742,11.1333,,S,0,3,0,Adult
10,1,2,"Nasser, Mrs. Nicholas (Adele Achem)",female,14.0,1,0,237736,30.0708,,C,0,2,0,Teen
11,1,3,"Sandstrom, Miss. Marguerite Rut",female,4.0,1,1,PP 9549,16.7,G6,S,1,3,0,Child
12,1,1,"Bonnell, Miss. Elizabeth",female,58.0,0,0,113783,26.55,C103,S,1,1,1,Middle-aged
13,0,3,"Saundercock, Mr. William Henry",male,20.0,0,0,A/5. 2151,8.05,,S,0,1,1,Adult
14,0,3,"Andersson, Mr. Anders Johan",male,39.0,1,5,347082,31.275,,S,0,7,0,Middle-aged
15,0,3,"Vestrom, Miss. Hulda Amanda Adolfina",female,14.0,0,0,350406,7.8542,,S,0,1,1,Teen
16,1,2,"Hewlett, Mrs. (Mary D Kingcome) ",female,55.0,0,0,248706,16.0,,S,0,1,1,Middle-aged
17,0,3,"Rice, Master. Eugene",male,2.0,4,1,382652,29.125,,Q,0,6,0,Child
18,1,2,"Williams, Mr. Charles Eugene",male,26.0,0,0,244373,13.0,,S,0,1,1,Adult
19,0,3,"Vander Planke, Mrs. Julius (Emelia Maria Vandemoortele)",female,31.0,1,0,345763,18.0,,S,0,2,0,Adult
20,1,3,"Masselmani, Mrs. Fatima",female,26.0,0,0,2649,7.225,,C,0,1,1,Adult
21,0,2,"Fynney, Mr. Joseph J",male,35.0,0,0,239865,26.0,,S,0,1,1,Adult
22,1,2,"Beesley, Mr. Lawrence",male,34.0,0,0,248698,13.0,D56,S,1,1,1,Adult
23,1,3,"McGowan, Miss. Anna ""Annie""",female,15.0,0,0,330923,8.0292,,Q,0,1,1,Teen
24,1,1,"Sloper, Mr. William Thompson",male,28.0,0,0,113788,35.5,A6,S,1,1,1,Adult
25,0,3,"Palsson, Miss. Torborg Danira",female,8.0,3,1,349909,21.075,,S,0,5,0,Child
26,1,3,"Asplund, Mrs. Carl Oscar (Selma Augusta Emilia Johansson)",female,38.0,1,5,347077,31.3875,,S,0,7,0,Middle-aged
27,0,3,"Emir, Mr. Farred Chehab",male,26.0,0,0,2631,7.225,,C,0,1,1,Adult
28,0,1,"Fortune, Mr. Charles Alexander",male,19.0,3,2,19950,263.0,C23 C25 C27,S,1,6,0,Adult
29,1,3,"O'Dwyer, Miss. Ellen ""Nellie""",female,26.0,0,0,330959,7.8792,,Q,0,1,1,Adult
30,0,3,"Todoroff, Mr. Lalio",male,26.0,0,0,349216,7.8958,,S,0,1,1,Adult
31,0,1,"Uruchurtu, Don. Manuel E",male,40.0,0,0,PC 17601,27.7208,,C,0,1,1,Middle-aged
32,1,1,"Spencer, Mrs. William Augustus (Marie Eugenie)",female,26.0,1,0,PC 17569,146.5208,B78,C,1,2,0,Adult
33,1,3,"Glynn, Miss. Mary Agatha",female,26.0,0,0,335677,7.75,,Q,0,1,1,Adult
34,0,2,"Wheadon, Mr. Edward H",male,66.0,0,0,C.A. 24579,10.5,,S,0,1,1,Senior
35,0,1,"Meyer, Mr. Edgar Joseph",male,28.0,1,0,PC 17604,82.1708,,C,0,2,0,Adult
36,0,1,"Holverson, Mr. Alexander Oskar",male,42.0,1,0,113789,52.0,,S,0,2,0,Middle-aged
37,1,3,"Mamee, Mr. Hanna",male,26.0,0,0,2677,7.2292,,C,0,1,1,Adult
38,0,3,"Cann, Mr. Ernest Charles",male,21.0,0,0,A./5. 2152,8.05,,S,0,1,1,Adult
39,0,3,"Vander Planke, Miss. Augusta Maria",female,18.0,2,0,345764,18.0,,S,0,3,0,Teen
40,1,3,"Nicola-Yarred, Miss. Jamila",female,14.0,1,0,2651,11.2417,,C,0,2,0,Teen
41,0,3,"Ahlin, Mrs. Johan (Johanna Persdotter Larsson)",female,40.0,1,0,7546,9.475,,S,0,2,0,Middle-aged
42,0,2,"Turpin, Mrs. William John Robert (Dorothy Ann Wonnacott)",female,27.0,1,0,11668,21.0,,S,0,2,0,Adult
43,0,3,"Kraeff, Mr. Theodor",male,26.0,0,0,349253,7.8958,,C,0,1,1,Adult
44,1,2,"Laroche, Miss. Simonne Marie Anne Andree",female,3.0,1,2,SC/Paris 2123,41.5792,,C,0,4,0,Child
45,1,3,"Devaney, Miss. Margaret Delia",female,19.0,0,0,330958,7.8792,,Q,0,1,1,Adult
46,0,3,"Rogers, Mr. William John",male,26.0,0,0,S.C./A.4. 23567,8.05,,S,0,1,1,Adult
47,0,3,"Lennon, Mr. Denis",male,26.0,1,0,370371,15.5,,Q,0,2,0,Adult
48,1,3,"O'Driscoll, Miss. Bridget",female,26.0,0,0,14311,7.75,,Q,0,1,1,Adult
49,0,3,"Samaan, Mr. Youssef",male,26.0,2,0,2662,21.6792,,C,0,3,0,Adult
50,0,3,"Arnold-Franchi, Mrs. Josef (Josefine Franchi)",female,18.0,1,0,349237,17.8,,S,0,2,0,Teen
51,0,3,"Panula, Master. Juha Niilo",male,7.0,4,1,3101295,39.6875,,S,0,6,0,Child
52,0,3,"Nosworthy, Mr. Richard Cater",male,21.0,0,0,A/4. 39886,7.8,,S,0,1,1,Adult
53,1,1,"Harper, Mrs. Henry Sleeper (Myna Haxtun)",female,49.0,1,0,PC 17572,76.7292,D33,C,1,2,0,Middle-aged
54,1,2,"Faunthorpe, Mrs. Lizzie (Elizabeth Anne Wilkinson)",female,29.0,1,0,2926,26.0,,S,0,2,0,Adult
55,0,1,"Ostby, Mr. Engelhart Cornelius",male,65.0,0,1,113509,61.9792,B30,C,1,2,0,Senior
56,1,1,"Woolner, Mr. Hugh",male,26.0,0,0,19947,35.5,C52,S,1,1,1,Adult
57,1,2,"Rugg, Miss. Emily",female,21.0,0,0,C.A. 31026,10.5,,S,0,1,1,Adult
58,0,3,"Novel, Mr. Mansouer",male,28.5,0,0,2697,7.2292,,C,0,1,1,Adult
59,1,2,"West, Miss. Constance Mirium",female,5.0,1,2,C.A. 34651,27.75,,S,0,4,0,Child
60,0,3,"Goodwin, Master. William Frederick",male,11.0,5,2,CA 2144,46.9,,S,0,8,0,Child
61,0,3,"Sirayanian, Mr. Orsen",male,22.0,0,0,2669,7.2292,,C,0,1,1,Adult
62,1,1,"Icard, Miss. Amelie",female,38.0,0,0,113572,80.0,B28,S,1,1,1,Middle-aged
63,0,1,"Harris, Mr. Henry Birkhardt",male,45.0,1,0,36973,83.475,C83,S,1,2,0,Middle-aged
64,0,3,"Skoog, Master. Harald",male,4.0,3,2,347088,27.9,,S,0,6,0,Child
65,0,1,"Stewart, Mr. Albert A",male,26.0,0,0,PC 17605,27.7208,,C,0,1,1,Adult
66,1,3,"Moubarek, Master. Gerios",male,26.0,1,1,2661,15.2458,,C,0,3,0,Adult
67,1,2,"Nye, Mrs. (Elizabeth Ramell)",female,29.0,0,0,C.A. 29395,10.5,F33,S,1,1,1,Adult
68,0,3,"Crease, Mr. Ernest James",male,19.0,0,0,S.P. 3464,8.1583,,S,0,1,1,Adult
69,1,3,"Andersson, Miss. Erna Alexandra",female,17.0,4,2,3101281,7.925,,S,0,7,0,Teen
70,0,3,"Kink, Mr. Vincenz",male,26.0,2,0,315151,8.6625,,S,0,3,0,Adult
71,0,2,"Jenkin, Mr. Stephen Curnow",male,32.0,0,0,C.A. 33111,10.5,,S,0,1,1,Adult
72,0,3,"Goodwin, Miss. Lillian Amy",female,16.0,5,2,CA 2144,46.9,,S,0,8,0,Teen
73,0,2,"Hood, Mr. Ambrose Jr",male,21.0,0,0,S.O.C. 14879,73.5,,S,0,1,1,Adult
74,0,3,"Chronopoulos, Mr. Apostolos",male,26.0,1,0,2680,14.4542,,C,0,2,0,Adult
75,1,3,"Bing, Mr. Lee",male,32.0,0,0,1601,56.4958,,S,0,1,1,Adult
76,0,3,"Moen, Mr. Sigurd Hansen",male,25.0,0,0,348123,7.65,F G73,S,1,1,1,Adult
77,0,3,"Staneff, Mr. Ivan",male,26.0,0,0,349208,7.8958,,S,0,1,1,Adult
78,0,3,"Moutal, Mr. Rahamin Haim",male,26.0,0,0,374746,8.05,,S,0,1,1,Adult
79,1,2,"Caldwell, Master. Alden Gates",male,0.83,0,2,248738,29.0,,S,0,3,0,Child
80,1,3,"Dowdell, Miss. Elizabeth",female,30.0,0,0,364516,12.475,,S,0,1,1,Adult
81,0,3,"Waelens, Mr. Achille",male,22.0,0,0,345767,9.0,,S,0,1,1,Adult
82,1,3,"Sheerlinck, Mr. Jan Baptist",male,29.0,0,0,345779,9.5,,S,0,1,1,Adult
83,1,3,"McDermott, Miss. Brigdet Delia",female,26.0,0,0,330932,7.7875,,Q,0,1,1,Adult
84,0,1,"Carrau, Mr. Francisco M",male,28.0,0,0,113059,47.1,,S,0,1,1,Adult
85,1,2,"Ilett, Miss. Bertha",female,17.0,0,0,SO/C 14885,10.5,,S,0,1,1,Teen
86,1,3,"Backstrom, Mrs. Karl Alfred (Maria Mathilda Gustafsson)",female,33.0,3,0,3101278,15.85,,S,0,4,0,Adult
87,0,3,"Ford, Mr. William Neal",male,16.0,1,3,W./C. 6608,34.375,,S,0,5,0,Teen
88,0,3,"Slocovski, Mr. Selman Francis",male,26.0,0,0,SOTON/OQ 392086,8.05,,S,0,1,1,Adult
89,1,1,"Fortune, Miss. Mabel Helen",female,23.0,3,2,19950,263.0,C23 C25 C27,S,1,6,0,Adult
90,0,3,"Celotti, Mr. Francesco",male,24.0,0,0,343275,8.05,,S,0,1,1,Adult
91,0,3,"Christmann, Mr. Emil",male,29.0,0,0,343276,8.05,,S,0,1,1,Adult
92,0,3,"Andreasson, Mr. Paul Edvin",male,20.0,0,0,347466,7.8542,,S,0,1,1,Adult
93,0,1,"Chaffee, Mr. Herbert Fuller",male,46.0,1,0,W.E.P. 5734,61.175,E31,S,1,2,0,Middle-aged
94,0,3,"Dean, Mr. Bertram Frank",male,26.0,1,2,C.A. 2315,20.575,,S,0,4,0,Adult
95,0,3,"Coxon, Mr. Daniel",male,59.0,0,0,364500,7.25,,S,0,1,1,Middle-aged
96,0,3,"Shorney, Mr. Charles Joseph",male,26.0,0,0,374910,8.05,,S,0,1,1,Adult
97,0,1,"Goldschmidt, Mr. George B",male,71.0,0,0,PC 17754,34.6542,A5,C,1,1,1,Senior
98,1,1,"Greenfield, Mr. William Bertram",male,23.0,0,1,PC 17759,63.3583,D10 D12,C,1,2,0,Adult
99,1,2,"Doling, Mrs. John T (Ada Julia Bone)",female,34.0,0,1,231919,23.0,,S,0,2,0,Adult
100,0,2,"Kantor, Mr. Sinai",male,34.0,1,0,244367,26.0,,S,0,2,0,Adult
